indicator,"'transport, passenger car, fleet average, BEV, 2030' (kilometer, NEU, None)","'transport, passenger car, fleet average, BEV, 2030' (kilometer, CAZ, None)","'transport, passenger car, fleet average, BEV, 2030' (kilometer, OAS, None)","'transport, passenger car, fleet average, BEV, 2030' (kilometer, CHA, None)","'transport, passenger car, fleet average, BEV, 2030' (kilometer, MEA, None)","'transport, passenger car, fleet average, BEV, 2030' (kilometer, IND, None)","'transport, passenger car, fleet average, BEV, 2030' (kilometer, SSA, None)","'transport, passenger car, fleet average, BEV, 2030' (kilometer, REF, None)","'transport, passenger car, fleet average, BEV, 2030' (kilometer, JPN, None)","'transport, passenger car, fleet average, BEV, 2030' (kilometer, LAM, None)","'transport, passenger car, fleet average, BEV, 2030' (kilometer, USA, None)","'transport, passenger car, fleet average, BEV, 2030' (kilometer, EUR, None)","'transport, passenger car, fleet average, FCEV, 2030' (kilometer, REF, None)","'transport, passenger car, fleet average, FCEV, 2030' (kilometer, EUR, None)","'transport, passenger car, fleet average, FCEV, 2030' (kilometer, MEA, None)","'transport, passenger car, fleet average, FCEV, 2030' (kilometer, JPN, None)","'transport, passenger car, fleet average, FCEV, 2030' (kilometer, CAZ, None)","'transport, passenger car, fleet average, FCEV, 2030' (kilometer, CHA, None)","'transport, passenger car, fleet average, FCEV, 2030' (kilometer, LAM, None)","'transport, passenger car, fleet average, FCEV, 2030' (kilometer, NEU, None)","'transport, passenger car, fleet average, FCEV, 2030' (kilometer, IND, None)","'transport, passenger car, fleet average, FCEV, 2030' (kilometer, OAS, None)","'transport, passenger car, fleet average, FCEV, 2030' (kilometer, USA, None)","'transport, passenger car, fleet average, FCEV, 2030' (kilometer, SSA, None)","'transport, passenger car, fleet average, ICEV-g, 2030' (kilometer, CHA, None)","'transport, passenger car, fleet average, ICEV-g, 2030' (kilometer, OAS, None)","'transport, passenger car, fleet average, ICEV-g, 2030' (kilometer, JPN, None)","'transport, passenger car, fleet average, ICEV-g, 2030' (kilometer, USA, None)","'transport, passenger car, fleet average, ICEV-g, 2030' (kilometer, SSA, None)","'transport, passenger car, fleet average, ICEV-g, 2030' (kilometer, REF, None)","'transport, passenger car, fleet average, ICEV-g, 2030' (kilometer, CAZ, None)","'transport, passenger car, fleet average, ICEV-g, 2030' (kilometer, LAM, None)","'transport, passenger car, fleet average, ICEV-g, 2030' (kilometer, MEA, None)","'transport, passenger car, fleet average, ICEV-g, 2030' (kilometer, NEU, None)","'transport, passenger car, fleet average, ICEV-g, 2030' (kilometer, IND, None)","'transport, passenger car, fleet average, ICEV-g, 2030' (kilometer, EUR, None)","'transport, passenger car, fleet average, PHEV-p, 2030' (kilometer, CHA, None)","'transport, passenger car, fleet average, PHEV-p, 2030' (kilometer, EUR, None)","'transport, passenger car, fleet average, PHEV-p, 2030' (kilometer, LAM, None)","'transport, passenger car, fleet average, PHEV-p, 2030' (kilometer, REF, None)","'transport, passenger car, fleet average, PHEV-p, 2030' (kilometer, CAZ, None)","'transport, passenger car, fleet average, PHEV-p, 2030' (kilometer, MEA, None)","'transport, passenger car, fleet average, PHEV-p, 2030' (kilometer, SSA, None)","'transport, passenger car, fleet average, PHEV-p, 2030' (kilometer, JPN, None)","'transport, passenger car, fleet average, PHEV-p, 2030' (kilometer, IND, None)","'transport, passenger car, fleet average, PHEV-p, 2030' (kilometer, USA, None)","'transport, passenger car, fleet average, PHEV-p, 2030' (kilometer, OAS, None)","'transport, passenger car, fleet average, PHEV-p, 2030' (kilometer, NEU, None)","'transport, passenger car, fleet average, HEV-p, 2030' (kilometer, EUR, None)","'transport, passenger car, fleet average, HEV-p, 2030' (kilometer, MEA, None)","'transport, passenger car, fleet average, HEV-p, 2030' (kilometer, IND, None)","'transport, passenger car, fleet average, HEV-p, 2030' (kilometer, NEU, None)","'transport, passenger car, fleet average, HEV-p, 2030' (kilometer, OAS, None)","'transport, passenger car, fleet average, HEV-p, 2030' (kilometer, CAZ, None)","'transport, passenger car, fleet average, HEV-p, 2030' (kilometer, JPN, None)","'transport, passenger car, fleet average, HEV-p, 2030' (kilometer, CHA, None)","'transport, passenger car, fleet average, HEV-p, 2030' (kilometer, LAM, None)","'transport, passenger car, fleet average, HEV-p, 2030' (kilometer, REF, None)","'transport, passenger car, fleet average, HEV-p, 2030' (kilometer, USA, None)","'transport, passenger car, fleet average, HEV-p, 2030' (kilometer, SSA, None)","'transport, passenger car, fleet average, ICEV-p, 2030' (kilometer, OAS, None)","'transport, passenger car, fleet average, ICEV-p, 2030' (kilometer, MEA, None)","'transport, passenger car, fleet average, ICEV-p, 2030' (kilometer, LAM, None)","'transport, passenger car, fleet average, ICEV-p, 2030' (kilometer, EUR, None)","'transport, passenger car, fleet average, ICEV-p, 2030' (kilometer, IND, None)","'transport, passenger car, fleet average, ICEV-p, 2030' (kilometer, USA, None)","'transport, passenger car, fleet average, ICEV-p, 2030' (kilometer, CAZ, None)","'transport, passenger car, fleet average, ICEV-p, 2030' (kilometer, REF, None)","'transport, passenger car, fleet average, ICEV-p, 2030' (kilometer, SSA, None)","'transport, passenger car, fleet average, ICEV-p, 2030' (kilometer, NEU, None)","'transport, passenger car, fleet average, ICEV-p, 2030' (kilometer, CHA, None)","'transport, passenger car, fleet average, ICEV-p, 2030' (kilometer, JPN, None)","'market for transport, passenger train' (person kilometer, GLO, None)","'market for transport, passenger, motor scooter' (person kilometer, GLO, None)","'market for transport, passenger, bicycle' (person kilometer, GLO, None)","'market for transport, passenger, electric bicycle' (person kilometer, GLO, None)","'market for transport, passenger, electric bicycle, label-certified electricity' (person kilometer, GLO, None)","'market for transport, passengers, aircraft, short haul' (person kilometer, GLO, None)","'market for transport, passengers, aircraft, long haul' (person kilometer, GLO, None)","'walking' (pkm, GLO, None)","'transport, passenger bus, battery electric - overnight charging, NCA battery, 18m articulated urban bus, 2020' (passenger-kilometer, CH, None)","'transport, passenger bus, fuel cell electric, 18m articulated urban bus, 2020' (passenger-kilometer, CH, None)","'transport, passenger bus, diesel, 18m articulated urban bus, 2020, EURO-VI' (passenger-kilometer, CH, None)","'transport, passenger bus, compressed gas, 18m articulated urban bus, 2020, EURO-VI' (passenger-kilometer, CH, None)"
human toxicity,8.11175267399751e-08,9.386891248521785e-08,8.974718336434006e-08,7.600402014766064e-08,7.390591642169707e-08,9.168974687275852e-08,6.961150905226502e-08,8.76685113592742e-08,7.825898904924619e-08,7.106693335335409e-08,9.147842191359932e-08,8.122527936564601e-08,8.599584726091956e-08,8.605801793371958e-08,7.632514346248487e-08,8.158356748712787e-08,9.764903817535235e-08,7.74839607286082e-08,7.764623565989212e-08,8.846696540191253e-08,7.04266170612749e-08,8.61068776614712e-08,9.506617864795404e-08,7.088069444681823e-08,4.220974545412603e-08,4.4164913367624026e-08,4.4533118034529864e-08,5.176832286802601e-08,4.073877461465136e-08,4.8372505592723e-08,5.319088490023248e-08,4.225803793201947e-08,4.1823543413760826e-08,4.8712094113502676e-08,3.941909857958888e-08,4.771077164039446e-08,5.791562389464947e-08,5.989777287473245e-08,5.616200403461225e-08,6.227314790866168e-08,6.965137231287943e-08,5.4039310324798726e-08,5.353080809359256e-08,5.9325726637733683e-08,5.983552841300047e-08,6.784601644244697e-08,5.799167014580211e-08,5.944716047186913e-08,4.9779692363280256e-08,4.236278683440352e-08,4.10428566460513e-08,5.018843341819533e-08,4.407501598191751e-08,5.828268418268094e-08,4.71202388019829e-08,4.491821502618511e-08,4.531315232994837e-08,5.0429932776626206e-08,5.712806252482207e-08,4.138943696491117e-08,4.197143574476382e-08,4.0888813541491586e-08,4.3815873413191734e-08,4.776666158086002e-08,3.9740816567470894e-08,5.3885242323959656e-08,5.5616761283008035e-08,4.94630936074912e-08,4.0113251290968424e-08,4.836673195597051e-08,4.310969963458983e-08,4.499095593250735e-08,3.896744053550086e-09,6.244944623523653e-09,1.7528864268381076e-09,1.1973759614838874e-08,1.1817883348298482e-08,9.679361070978677e-09,7.68981460610865e-09,3.616764918444371e-08,2.6804031543294185e-08,2.7690731566053533e-08,1.7998266985692154e-08,1.862148328450225e-08
climate change,7.541513498567087e-10,8.2659148788991e-10,1.3718775007121544e-09,1.058715400045198e-09,1.1724155500751264e-09,1.4198688307693552e-09,9.363552166793571e-10,1.37510002840869e-09,9.840456580780577e-10,7.320134433906507e-10,9.928552345490447e-10,8.26916874081305e-10,1.110615723752595e-09,1.1141462201503556e-09,1.0137663855706783e-09,1.0733781760932547e-09,1.2447005335618262e-09,1.0286890681528917e-09,1.0288910365473225e-09,1.1436911731297897e-09,9.536468054790543e-10,1.1227404230964075e-09,1.214171757734829e-09,9.585057475052542e-10,1.4032470936071613e-09,1.6043169253784024e-09,5.030567897934264e-10,1.6629397196081904e-09,6.207908624641326e-10,1.2804335337726327e-09,1.7726289289303942e-09,1.5619705575712016e-09,1.0921460030370525e-09,3.073443583524099e-10,1.4891146695442214e-09,5.508383893747337e-10,2.011825808330572e-09,1.9044144821912057e-09,1.8119277489685853e-09,2.140645405764501e-09,2.1500330514725668e-09,1.9359204504783356e-09,1.8528159964490563e-09,2.012554440069262e-09,1.9980980679020585e-09,2.112415924012732e-09,2.0237923419340415e-09,1.9572197404203617e-09,1.818040728765739e-09,1.6962078264847245e-09,1.673062870393265e-09,1.9004470418695353e-09,1.7460052601057294e-09,2.1217381536786e-09,1.8381858034517097e-09,1.7769826769895412e-09,1.7115928780743255e-09,1.895659907192627e-09,2.0175167084215217e-09,1.6791504366806566e-09,2.1389177038918645e-09,2.081207834318055e-09,2.099119855397291e-09,2.248086750001768e-09,2.0641091566937163e-09,2.448004576408581e-09,2.5828928356577073e-09,2.3425899508225193e-09,2.0560851018368606e-09,2.352133251638548e-09,2.1911652459002502e-09,2.2532583327978594e-09,2.4821913471258366e-10,8.412044937891984e-10,5.076536592820811e-11,9.507154093884237e-11,8.251323559506406e-11,9.126290866004013e-10,7.606720020912926e-10,4.058167924376393e-10,2.2335283036894504e-10,3.3509465379432386e-10,6.858953001181302e-10,4.1238754933878284e-10
ionising radiation,3.3317600995207527e-10,6.757542523011912e-10,6.000505751783015e-10,4.842587024053664e-10,3.1887825572734567e-10,3.624089330861351e-10,2.2092434179356148e-10,1.0264369687346583e-09,1.028877656176162e-09,2.954071178433737e-10,5.422815121752052e-10,5.79977974096564e-10,1.1121048833042961e-09,1.1203938228074247e-09,1.034261858834488e-09,1.0894986982428217e-09,1.234912119541451e-09,1.0508883494755813e-09,1.0476115808456775e-09,1.1506646506802298e-09,9.861622422075694e-10,1.1300497202228733e-09,1.2046048385777792e-09,9.893750115439637e-10,1.5754101971867507e-10,1.640277775354073e-10,1.553074312738726e-10,1.8540340148301784e-10,1.4541875282383622e-10,1.7330638292255967e-10,1.903123139019773e-10,1.5823475345578006e-10,1.53595220533069e-10,1.629977409096433e-10,1.497958369579306e-10,1.647876884787482e-10,4.242063735179123e-10,4.57746505652093e-10,3.6290834701531825e-10,5.951044233602854e-10,5.336672478326989e-10,3.567771584033718e-10,3.2669640591206664e-10,6.009819539757253e-10,3.6890966604281045e-10,4.778427301084155e-10,4.393024822891549e-10,3.8581332831684646e-10,3.346104958978359e-10,3.0042538349174584e-10,2.947733890135736e-10,3.4089264047946953e-10,3.0945700148346825e-10,3.8142997323818816e-10,3.260303268763863e-10,3.1495879940926844e-10,3.1389737796482093e-10,3.3924712080883766e-10,3.7229835735743606e-10,2.9606798803679407e-10,3.471066032475046e-10,3.383716405138738e-10,3.5420218268747974e-10,3.7470445209621405e-10,3.3431206311217305e-10,4.117359542465182e-10,4.2433997782880384e-10,3.8436640903600125e-10,3.3386959474579945e-10,3.8511800554197935e-10,3.5547867235539857e-10,3.656308097803643e-10,1.2464269801635632e-10,1.2739675477022834e-10,1.3015191362388599e-11,3.369082356468629e-11,2.5895338751861416e-11,1.2941643194500258e-10,1.0054815575401644e-10,2.5185812403582957e-11,2.122807765438066e-10,4.550490931320368e-10,1.0694429809975309e-10,3.6580807145643815e-11
ozone depletion,3.6035737929326626e-11,3.931070300671655e-11,4.5117876082324385e-11,3.6456589665240095e-11,4.555221039295709e-11,3.2144921743606745e-11,3.4669032532187596e-11,5.941370170659507e-11,3.577450361160087e-11,3.4112897049379475e-11,4.5833340976705406e-11,3.979625951042931e-11,5.454893030675029e-11,5.475033941744322e-11,5.020341716883898e-11,5.2940490810138196e-11,6.05457627876173e-11,5.0908262743601534e-11,5.088746589324666e-11,5.609202577935152e-11,4.7490158742005356e-11,5.5033989525680276e-11,5.918250628181897e-11,4.7682281249154234e-11,5.686573998203079e-11,5.987025545395909e-11,3.6503795276182465e-11,6.314752595746132e-11,3.637424454096913e-11,5.5109051852281155e-11,6.614278759265842e-11,5.8068758161252204e-11,4.9425853597901315e-11,2.8193264958796227e-11,5.572643381328212e-11,3.881224921292573e-11,1.0837388325330313e-10,1.0930102697776982e-10,1.0436795664567575e-10,1.1661603514509368e-10,1.2010458045023964e-10,1.0509634297010983e-10,1.0050563081645763e-10,1.0891518814641517e-10,9.994000677664724e-11,1.1961616055849565e-10,1.068735429345319e-10,1.1045622610918176e-10,1.0580464295164114e-10,9.758122148589283e-11,9.627031346506282e-11,1.0849776346730676e-10,1.0012235987595087e-10,1.1985224909694927e-10,1.0501351947824595e-10,1.0197223910691624e-10,1.0091571895658098e-10,1.0770838766242406e-10,1.1657871741387245e-10,9.650447190413795e-11,1.2331516643011167e-10,1.2013648534221697e-10,1.249300919386165e-10,1.3052753853774552e-10,1.1931171436489718e-10,1.4307785275952395e-10,1.4759437008881865e-10,1.3403090329202943e-10,1.1868525339655214e-10,1.3511892111729546e-10,1.2639892143778243e-10,1.2952764148676606e-10,8.102790576812093e-12,4.330515386556052e-11,1.5320426649731423e-12,3.4172923733886542e-12,3.174028832403909e-12,5.4422367953374506e-11,4.589940794186376e-11,6.19362851262606e-12,1.4376426819587131e-11,2.276025743055331e-11,4.458834235737181e-11,1.994434581863528e-11
particulate matter formation,7.133000886621863e-08,8.233107388642546e-08,9.196431629438528e-08,7.191852010908227e-08,6.792873923240343e-08,1.2511432557279232e-07,6.088485226612667e-08,9.62979112994176e-08,7.213709035123918e-08,6.34835685136325e-08,8.232875490708497e-08,7.19155094429e-08,9.172001174149488e-08,9.211874930544902e-08,8.160598681830668e-08,8.775582104042663e-08,1.0484942887706144e-07,8.309325675473047e-08,8.31329149738438e-08,9.49446663432216e-08,7.524764986033049e-08,9.228517947974285e-08,1.0197422775851687e-07,7.565177558203492e-08,5.431577271945342e-08,5.633986492585012e-08,5.558178467181577e-08,6.464806149132139e-08,5.0906438254550374e-08,5.991951571559903e-08,6.650978295756219e-08,5.4211351085145245e-08,5.3023293409396006e-08,5.9231781938195395e-08,5.09999266816125e-08,5.8572648476351244e-08,7.901343840111221e-08,7.903609557838695e-08,8.296321118182721e-08,8.846004403453142e-08,9.239551666245843e-08,8.018854521535636e-08,8.407956308814381e-08,8.000589001482662e-08,9.017920690266169e-08,8.997925275398927e-08,8.56107957694974e-08,7.908338394700033e-08,7.176124979041416e-08,7.065046662455904e-08,6.195249181847839e-08,7.280423983636924e-08,7.113124147065763e-08,8.528301212105806e-08,7.005057835860923e-08,6.72379298680902e-08,7.515302709528037e-08,7.419219021572644e-08,8.248794304394392e-08,7.584978245628135e-08,7.889629962257073e-08,7.955805582790854e-08,8.49395416048951e-08,7.702248344039243e-08,6.778540365242668e-08,8.74310059319091e-08,9.139018705461555e-08,8.143310341774912e-08,8.777403418658642e-08,7.868175531777321e-08,7.290262149804344e-08,7.532693640171676e-08,1.9544733377012252e-08,3.4810314509126364e-08,4.085789701721032e-09,9.261220665892707e-09,8.882615663816916e-09,4.0191449405491765e-08,3.641458329350676e-08,3.4090197732140005e-08,2.616753460910498e-08,2.3247274914371856e-08,2.2187799493662864e-08,1.8797845360944318e-08
photochemical oxidant formation,2.8296635977449718e-08,3.2787927842563474e-08,3.5316225593252055e-08,2.7089727652274343e-08,2.8789426268291582e-08,4.281525614277979e-08,2.6612781510079533e-08,4.062692854955803e-08,2.9636825225187785e-08,2.5509408745204213e-08,3.377666216582671e-08,2.8812597522683295e-08,4.561721822511845e-08,4.591179452377383e-08,4.015596737507955e-08,4.3464481248913505e-08,5.252652112429103e-08,4.09577798432603e-08,4.0955924678094875e-08,4.740474009749285e-08,3.672795543000268e-08,4.5782298766848595e-08,5.101285896037201e-08,3.6912488811574834e-08,2.392265643283376e-08,2.4963767411470745e-08,2.313788232053546e-08,2.8400576347587647e-08,2.1373381052211006e-08,2.6108369754032584e-08,2.9295650665319655e-08,2.3975784670591726e-08,2.299876360950101e-08,2.4117516314923087e-08,2.2590465160173942e-08,2.4547649253582917e-08,3.973979865239828e-08,3.9976562746974984e-08,4.6126855487354717e-08,4.531724474704139e-08,4.7224956689206966e-08,4.484027902390338e-08,5.0077846701159697e-08,4.082236421744575e-08,4.181541670794896e-08,4.583434400789523e-08,4.537320865470222e-08,4.01720270001881e-08,3.693138692558346e-08,4.031400334159875e-08,3.245568199889472e-08,3.7604374738465436e-08,3.973882386094794e-08,4.452718324249765e-08,3.632536480407314e-08,3.502743719338596e-08,4.285927868541132e-08,3.891798667523993e-08,4.258658063521029e-08,4.61956604866132e-08,4.6189467544292305e-08,4.759962189653127e-08,5.0956376113177694e-08,4.0801099217231576e-08,3.651965069107794e-08,4.669194329331872e-08,4.945044516755221e-08,4.405134876974612e-08,5.6415938108674725e-08,4.189135207602028e-08,3.915652673375421e-08,4.0294369062886954e-08,1.1478709419227613e-08,2.3448880234874625e-08,1.867594165942617e-09,3.999146544057692e-09,3.851444584141364e-09,3.6318028164333633e-08,3.3699269316862306e-08,9.708818563505702e-09,1.4632248968801143e-08,1.0758164221761369e-08,1.335825606908877e-08,1.1025440429564941e-08
marine ecotoxicity,5.0826364637517e-12,5.849962665315216e-12,5.2478858375950274e-12,4.474950072620023e-12,4.5501339969273944e-12,4.272511444099259e-12,4.163289064161982e-12,5.012719551570439e-12,4.654708758740695e-12,4.520304578971755e-12,5.680743783003564e-12,5.009062040879124e-12,6.092521695573953e-12,6.097200423337471e-12,5.5099075987426925e-12,5.8355165099880825e-12,6.835429603092714e-12,5.586989933336523e-12,5.592415842634719e-12,6.257222784350944e-12,5.1579819744010135e-12,6.1269462003464656e-12,6.663802026361134e-12,5.188131255888966e-12,2.253965549208568e-12,2.3548543112158743e-12,2.4693621206181718e-12,2.7853605052120614e-12,2.2471767700758704e-12,2.620616636357304e-12,2.855969538108389e-12,2.25188808726722e-12,2.2606211578869478e-12,2.7457615599692045e-12,2.09518484744378e-12,2.6467314184532976e-12,3.380298288997744e-12,3.5958588208936078e-12,3.3887684805020523e-12,3.614964194745885e-12,4.221769711661044e-12,3.214623267736378e-12,3.136213791024147e-12,3.4856110683200205e-12,3.1466193656966167e-12,4.095345434156278e-12,3.384272157773647e-12,3.5860446257297964e-12,2.8699262279478216e-12,2.4235732428991607e-12,2.3447973101499677e-12,2.8885824848936654e-12,2.5230532965702092e-12,3.3580631020132184e-12,2.7031432092829217e-12,2.5729711986880778e-12,2.5990461353851687e-12,2.89836349253897e-12,3.2939042320079258e-12,2.3652211698603954e-12,2.1571105641886426e-12,2.101505037185063e-12,2.259754064983823e-12,2.4844991651265243e-12,2.0372523792711093e-12,2.7995960430307582e-12,2.889277654360643e-12,2.5651685024629432e-12,2.0596801983991734e-12,2.5080214739937692e-12,2.215809323020393e-12,2.3175195214277306e-12,1.0412714043264846e-13,2.2363703625769526e-13,1.000222687964169e-13,7.979611862421268e-13,7.962852173351035e-13,7.244578158056411e-14,2.969318280060462e-14,8.472440372358046e-13,1.6621007942542377e-12,2.1689237983396976e-12,7.651478934832724e-13,7.873024610955135e-13
terrestrial ecotoxicity,5.084387123321337e-12,5.851998210420598e-12,5.257870874821046e-12,4.485232381015761e-12,4.5517840263531444e-12,4.3056907309836125e-12,4.169734395753321e-12,5.016532349572559e-12,4.6573993658592265e-12,4.521832516366821e-12,5.682741085840768e-12,5.0110736350796134e-12,6.0950153372932765e-12,6.099694489141133e-12,5.512154241509149e-12,5.8378963248744066e-12,6.838234976576413e-12,5.589266205753415e-12,5.594696634934992e-12,6.259782160333772e-12,5.1600801652236865e-12,6.12945556238489e-12,6.66653593531671e-12,5.1902434309129636e-12,2.2550310850783566e-12,2.3559781628208633e-12,2.4703938322880845e-12,2.7866597786089915e-12,2.2481335324221184e-12,2.62181723930758e-12,2.857309522061264e-12,2.2529615950736453e-12,2.26165268800064e-12,2.7468544421567416e-12,2.0961891147447025e-12,2.6478486998991974e-12,3.3841380613745576e-12,3.5973092793452865e-12,3.390049093377166e-12,3.6169686975986015e-12,4.2233691444537725e-12,3.2158670943101077e-12,3.1389448813663866e-12,3.4872703179193365e-12,3.157352717927809e-12,4.096909894075854e-12,3.3878868914819334e-12,3.5874036776592713e-12,2.8711034727622274e-12,2.4245599298998854e-12,2.345750451832372e-12,2.889765660622298e-12,2.524082957670513e-12,3.359443937793e-12,2.704242926922548e-12,2.5740176382873635e-12,2.6001074060880308e-12,2.899554465175912e-12,3.2952598064014527e-12,2.3661840073501353e-12,2.1580334435669677e-12,2.1024032213241784e-12,2.2607204387045425e-12,2.485562160425297e-12,2.038123098607736e-12,2.800791065620782e-12,2.890508538699893e-12,2.5662658803802676e-12,2.060561198116465e-12,2.5090917922479864e-12,2.2167534417362534e-12,2.3185053689127344e-12,1.0548646048518575e-13,2.2425568191346481e-13,1.0020337519681569e-13,7.983613927787523e-13,7.965446406018134e-13,7.264616123763781e-14,2.9741246856333394e-14,8.475383930749041e-13,1.6625739543805788e-12,2.1696329820366668e-12,7.653388447985295e-13,7.875483460453034e-13
agricultural land occupation,1.7035656450456624e-10,3.035128445070549e-10,2.388593694070345e-10,1.7642703190449491e-10,1.4713709650229488e-10,2.3579998262406683e-10,1.451042563002556e-10,7.802527788881375e-10,5.796442645315848e-10,2.7345600147453854e-10,2.3449994906367627e-10,2.8843990984544777e-10,5.071923147618315e-10,5.108185895801325e-10,4.705156543769565e-10,4.961837447023934e-10,5.640715270141555e-10,4.781226233567438e-10,4.767395868057061e-10,5.247041636248365e-10,4.4781758841749236e-10,5.150274968178203e-10,5.501626431599904e-10,4.493315189555161e-10,8.172651210692973e-11,8.438254616839225e-11,9.089000593418562e-11,9.736906212618083e-11,8.356914643966123e-11,9.263865716389953e-11,9.938110454305558e-11,8.132208715882029e-11,8.247619056862488e-11,1.002871494463914e-10,7.673441695634119e-11,9.567787929693196e-11,1.211365776648622e-10,1.5654046286102918e-10,1.5153697010209575e-10,3.0518406239383264e-10,1.7553610409406612e-10,1.0683140448422577e-10,1.0762037077135426e-10,2.485013624360022e-10,1.342839128627123e-10,1.4983945224811214e-10,1.319705086250182e-10,1.1948760695277048e-10,9.813731907950689e-11,8.509534503969044e-11,8.273563965153395e-11,9.863253252357302e-11,8.800950178151615e-11,1.1304953690810778e-10,9.365235110123252e-11,8.973464894029356e-11,9.051431332482008e-11,9.894100505988971e-11,1.1118165828441986e-10,8.328905708303315e-11,8.050344702431645e-11,7.881579781757021e-11,8.380934880694526e-11,8.995425443400247e-11,7.693536822458521e-11,9.993996190703628e-11,1.0247157940197753e-10,9.233287853697122e-11,7.747274346746912e-11,9.062425026138745e-11,8.248775282029712e-11,8.550147398843057e-11,4.608836825766151e-11,2.1990804701665592e-11,6.674254799641972e-12,2.151371978304195e-11,1.8196918879456518e-11,1.252004214528976e-11,3.94534685211372e-12,1.9550009006744957e-09,9.723342848985562e-11,1.9888682813104862e-10,1.548468829762679e-11,1.7104305664760873e-11
freshwater eutrophication,3.0108016089017782e-12,3.4736734996326822e-12,3.497500991835129e-12,3.011104440867032e-12,2.6701818861284163e-12,4.795763467489415e-12,2.8212242645356095e-12,3.5754856441547642e-12,2.9560634198635386e-12,2.626822288516178e-12,3.383951699658493e-12,3.0405523838312877e-12,3.0003621972580364e-12,2.997755544963067e-12,2.6839588982116214e-12,2.85130447521864e-12,3.383786224598976e-12,2.7196357402181497e-12,2.726956594430332e-12,3.075986544196306e-12,2.4925326369419697e-12,3.008696254252976e-12,3.298318493214537e-12,2.5095350338582915e-12,1.248158854477916e-12,1.3077506016980523e-12,1.3795935089756132e-12,1.5531497759953228e-12,1.2572778759743451e-12,1.4641440671343028e-12,1.592292422809443e-12,1.2475821212686131e-12,1.2573299298102283e-12,1.5442801832979666e-12,1.1596316548292851e-12,1.483377905576607e-12,2.0859515312565333e-12,2.1090056294473148e-12,1.9665925692200963e-12,2.2864618277728077e-12,2.4445121264211876e-12,1.8748079147694477e-12,1.9535506860432694e-12,2.0973633601220167e-12,2.533118730214397e-12,2.380396856151625e-12,2.087280271892446e-12,2.0828702741252215e-12,1.7256426481937995e-12,1.464864369786475e-12,1.418220496755811e-12,1.7387841931329854e-12,1.5251008689658533e-12,2.022800051133433e-12,1.630098572769696e-12,1.5530702137532833e-12,1.5685835714360883e-12,1.7489794423752585e-12,1.9838030488522193e-12,1.4308461023649628e-12,1.2323372393313647e-12,1.1992570525253905e-12,1.2894598008529425e-12,1.4130339251995441e-12,1.1624232556190497e-12,1.6016693747863023e-12,1.6547883564213325e-12,1.468807089958588e-12,1.1764950403646751e-12,1.4288886924894616e-12,1.2635367525650132e-12,1.321811180690628e-12,1.9085413072085785e-13,1.870154499213827e-13,6.394678851235436e-14,4.707919399247253e-13,4.615566218707704e-13,7.49449296488286e-14,3.4455144387399925e-14,1.8028422328454564e-12,1.0210966339019072e-12,1.0639333177274947e-12,6.197286441824455e-13,6.244523362559447e-13
marine eutrophication,1.0253221072703821e-12,1.1784999354858684e-12,1.2231927361912663e-12,9.486078594092707e-13,1.04154106660042e-12,1.2750177447836131e-12,9.454962777153242e-13,1.2492887718174185e-12,1.0475946516256547e-12,9.23257178062203e-13,1.2024365518764105e-12,1.0368752449842589e-12,1.524506193486229e-12,1.5313557107353703e-12,1.3523499785018291e-12,1.4549030178905756e-12,1.7435201796464388e-12,1.3768777721418575e-12,1.3775897844758742e-12,1.5783508034794366e-12,1.2449049955466508e-12,1.531538092415509e-12,1.6952703698172657e-12,1.2516459196821747e-12,1.4854367471223925e-12,1.529426159891209e-12,1.5696393299570462e-12,1.7290265327003875e-12,1.4376223801450281e-12,1.6118121894596743e-12,1.7754723214273672e-12,1.4705150702977755e-12,1.4593751976297905e-12,1.6867463531549706e-12,1.3984379360514016e-12,1.633231568259155e-12,1.6491127369329978e-12,1.6766650974475835e-12,1.6030664806820984e-12,1.7606784135357323e-12,1.890382096363937e-12,1.5761724142178574e-12,1.5333078224991511e-12,1.6885131627677689e-12,1.6330821445257498e-12,1.8700135331536373e-12,1.6408806258315378e-12,1.6845111218484123e-12,1.654946082223857e-12,1.4847948999845875e-12,1.453630964644514e-12,1.6777854792188803e-12,1.5298694466585374e-12,1.905450682045859e-12,1.6183778945274333e-12,1.560280670167012e-12,1.5597964944965568e-12,1.681636293232881e-12,1.86248323170983e-12,1.4597104892295296e-12,1.7561812244442386e-12,1.7122705896121417e-12,1.8027236361317755e-12,1.897974285542237e-12,1.6879323347624288e-12,2.1088722358358222e-12,2.1680873008364294e-12,1.9502197961077336e-12,1.6847784412405117e-12,1.936659569451002e-12,1.8024637768958216e-12,1.8566364005082908e-12,5.505726528592777e-13,9.656820104396507e-13,5.2448510099741765e-14,1.3548462585621598e-13,1.3163757472931158e-13,1.6663244848609944e-12,1.584946186112756e-12,2.9077304674149134e-12,7.205917001180262e-13,4.5281655091082235e-13,4.847876160494854e-13,5.069777876530711e-13
natural land transformation,-8.86367225160611e-11,-2.373633383752061e-10,-1.198645130009483e-10,-7.834327121789948e-11,-8.841855037044047e-11,-8.999538961576343e-11,-9.524580374904688e-11,-1.0837624067241139e-10,-1.2451611286835707e-10,-6.417882704276449e-10,-9.585048927185767e-11,-8.67950761193091e-11,-1.153196685757126e-10,-1.1566479599523202e-10,-1.0303504410073633e-10,-1.1026525186044584e-10,-1.3110374625148076e-10,-1.047581499868778e-10,-1.04841344638705e-10,-1.190472258832966e-10,-9.541643223758879e-11,-1.159781244663811e-10,-1.275868498515552e-10,-9.595731879789419e-11,-8.657388264846914e-11,-9.137233163026106e-11,-6.441672829518167e-11,-1.0031115016792164e-10,-6.164523648801379e-11,-8.859403042015529e-11,-1.047738054224922e-10,-8.79844649390697e-11,-7.760193177681351e-11,-5.752416613945579e-11,-8.333941809223062e-11,-6.919938249523791e-11,-1.7797965661154853e-10,-1.8015266302518159e-10,-3.4709746014869515e-10,-1.896299333387457e-10,-2.5054081260818814e-10,-1.7032471646179867e-10,-1.7092390436995745e-10,-1.9380210985529807e-10,-1.693066294848284e-10,-1.984399833965804e-10,-1.8191918613127632e-10,-1.841005257654115e-10,-1.7102307254837415e-10,-1.552214158272905e-10,-1.5257958098302107e-10,-1.7548323832784034e-10,-1.5997237464566335e-10,-1.971475763653844e-10,-1.6892164071566587e-10,-1.6315784039874275e-10,-1.6162541600191878e-10,-1.7482641532073942e-10,-1.914750425984843e-10,-1.5312956756143435e-10,-1.918231926489268e-10,-1.8654044329317379e-10,-1.9485420901356966e-10,-2.0469716139076998e-10,-1.8478121589141531e-10,-2.2685533345343057e-10,-2.3467420049249054e-10,-2.1160231768823992e-10,-1.8407585420352554e-10,-2.121041518059106e-10,-1.9690547135261042e-10,-2.025209196904722e-10,-4.043606904660375e-11,-7.278642740007337e-11,-3.986964014418463e-12,-1.1346816092184344e-11,-9.216332225890001e-12,-8.819148954743581e-11,-6.876487783772006e-11,9.013167054239781e-11,-5.4674160716002434e-11,-6.201231982972432e-11,-9.761798481080175e-11,-5.97842277030915e-11
terrestrial acidification,2.4986588897472356e-12,2.8834193197500606e-12,3.0893815885614262e-12,2.381261906406521e-12,2.4830783778067553e-12,3.953141786926765e-12,2.3247118259841942e-12,3.6319467619707234e-12,2.581746080268308e-12,2.228186680580235e-12,2.9557273903413263e-12,2.526862113213163e-12,4.25169401206398e-12,4.28438923842673e-12,3.7294723325360625e-12,4.049475222781758e-12,4.9126862389254996e-12,3.80768472933347e-12,3.8061296945712285e-12,4.427861302898136e-12,3.4005331993017276e-12,4.266053539014225e-12,4.7681983683215656e-12,3.416724730133415e-12,2.727605161172278e-12,2.8255358384532014e-12,2.78572418487823e-12,3.204889977139446e-12,2.5598684725064338e-12,2.9718368571512064e-12,3.2966298310116124e-12,2.714376466186249e-12,2.6581361411955825e-12,2.96232056155377e-12,2.5708055181500647e-12,2.9236395584320437e-12,3.9827991615308984e-12,3.999869138426845e-12,4.698581890571297e-12,4.506593053837511e-12,4.701368452486423e-12,4.548245972656269e-12,5.14999748360842e-12,4.0645507597533215e-12,4.180005306346986e-12,4.5487304018564425e-12,4.5760169551889355e-12,4.033122355004331e-12,3.7945847425326336e-12,4.213593327449627e-12,3.3474560260596366e-12,3.864549905475985e-12,4.135651497736419e-12,4.554960358500123e-12,3.729326417432844e-12,3.604346728199025e-12,4.474605946910486e-12,3.99062069061584e-12,4.347557148904215e-12,4.8769787139347534e-12,4.941339304659244e-12,5.103110749872471e-12,5.461533819621609e-12,4.328774716106636e-12,3.8753027465311145e-12,4.922291090685661e-12,5.2168579638854274e-12,4.647787130868952e-12,6.089040559796821e-12,4.4451173201111005e-12,4.1524966805179046e-12,4.264903832517691e-12,7.670531672790389e-13,1.751832697829032e-12,1.6378374617461834e-13,3.687983097213161e-13,3.564405606451039e-13,2.4584372792340086e-12,2.23801957831491e-12,3.2190610283403153e-12,1.0551309523062865e-12,9.200312782440497e-13,1.1069251189652065e-12,8.495056075777325e-13
urban land occupation,2.5342649218919703e-10,2.924837747147458e-10,2.689431369360463e-10,2.3939520001595935e-10,2.4341288740597395e-10,2.4755092378357706e-10,2.1458263948871744e-10,2.3123167934587873e-10,2.5186310985644683e-10,2.3283787346948843e-10,2.930301225972924e-10,2.7086519493739335e-10,3.813853905465239e-10,3.830896052383813e-10,3.490435284871322e-10,3.704370111266066e-10,4.2805037316492675e-10,3.5484558607319545e-10,3.543999524438406e-10,3.9380168657354556e-10,3.286939294569707e-10,3.8594577479779776e-10,4.1728041745277867e-10,3.3009782337666483e-10,1.4678574587490639e-10,1.5148592387514677e-10,1.545045450165902e-10,1.7481167531139825e-10,1.4086004393553887e-10,1.627805268604711e-10,1.7945654761966932e-10,1.4639148556292323e-10,1.4451476041479707e-10,1.6579325559778547e-10,1.3737615138203107e-10,1.6191901032922316e-10,1.948757392471116e-10,2.0854386928057068e-10,1.922828442221347e-10,1.96850553039843e-10,2.366980797216085e-10,1.852738848563948e-10,1.773370415296521e-10,2.026883662389291e-10,1.8643574853767526e-10,2.3273283554044801e-10,1.916194455213007e-10,2.0171031502546734e-10,1.6985487207464228e-10,1.46273899745937e-10,1.4195327163045578e-10,1.7117133268738348e-10,1.5128102336040592e-10,1.9776818331537307e-10,1.6333336285695395e-10,1.5571964060211367e-10,1.5631593949853617e-10,1.7065075374232164e-10,1.9404116803451448e-10,1.4269509203819852e-10,1.4646941817121907e-10,1.4348504547107028e-10,1.531485493775807e-10,1.6477531677859873e-10,1.399655154580685e-10,1.8438420229309302e-10,1.8943819755219942e-10,1.6870780549027155e-10,1.4053826224654044e-10,1.6666191628297062e-10,1.516384496681703e-10,1.576743261984073e-10,4.5910187252094443e-11,2.141817626884543e-11,9.866925203442308e-12,1.876437017758463e-11,1.8417877570713298e-11,1.5601066619222626e-11,4.589847103239248e-12,3.372531326318599e-11,1.4265105245824343e-10,1.864407141865615e-10,9.223601476199128e-11,9.143986231134247e-11
metal depletion,0.009461457942364238,0.010945469433453635,0.009502520323842937,0.008062995098134072,0.008178811168768015,0.007226958083464746,0.007238621173979127,0.009199922624517545,0.008473253529527446,0.00810636595796842,0.010575535184235128,0.009274254931103532,0.00682377079362346,0.006827453985682973,0.006012976967172116,0.006449341638151814,0.007779732735058102,0.006108178198533861,0.006122168152986512,0.007024301625928549,0.0055186343954270415,0.006818774985065475,0.007570041995859951,0.005555170866893131,0.0032386242503446663,0.003383945151306511,0.0035739880100239367,0.004010719665600991,0.003249763202888749,0.0037762598039450977,0.004111058971249579,0.0032356044633663965,0.003256386533632626,0.003983737131236782,0.0030079764447139227,0.003829317228920439,0.00529835345422917,0.005646915748427791,0.005293779809384371,0.005621385628880736,0.006649300080376987,0.0050165441218368014,0.004869950408241392,0.005491256649138079,0.004840738343884675,0.006445390286357759,0.005293492763905899,0.00563665152414423,0.004316145238094805,0.0036275139406137125,0.0035067173565041477,0.004344178250668199,0.0037793463684028016,0.005065774605566443,0.00406454619444125,0.003863218852406752,0.0038973654678789633,0.004357082126808882,0.004964438207821688,0.0035360236361880733,0.003108741741905298,0.003029351762514048,0.0032570933766873237,0.0035811521175383573,0.002935974811893283,0.004038750264220031,0.004170364344561345,0.0037027632604325436,0.0029694458762790595,0.0036162875655684156,0.003193702777267365,0.003341562240847686,0.00019397591388982903,0.0005156366593457233,9.520639763208315e-05,0.0013573444979660693,0.0013562766764155072,7.489770333312546e-05,3.2390746839013484e-05,0.0006601263925573201,0.0019035689230092756,0.001828924316315512,0.0009458783666791794,0.0009752728042795051
fossil depletion,0.005854353569266708,0.0063894672694025925,0.011129980343021281,0.007915209351624323,0.010297429457622177,0.009588185435535718,0.007321345948797733,0.01223461971470964,0.007961926170383334,0.005491415896167501,0.008140470831936343,0.0066269996214359285,0.009271160629514753,0.009312006733169743,0.008438236202952363,0.008967732182253949,0.010445498919217932,0.008575082372392046,0.008571317275982072,0.009575165657645754,0.007917859380565467,0.009383614680103996,0.010177392705597189,0.007956832063738845,0.014154897603646053,0.01508717761343688,0.007058021751507625,0.015762231409280538,0.007257730746922794,0.01322387124540295,0.01670060971543831,0.014568854336502296,0.011646924195747197,0.003992949301282686,0.01393853968560029,0.007684636735782057,0.014206495900984103,0.013802902983917849,0.013086763244314287,0.015719670196098847,0.015245442945710114,0.01411065528166248,0.013123978070082882,0.014381552282580302,0.013806364019827053,0.015456884299639751,0.014529339954832736,0.013846940461516345,0.012967783923581758,0.011824912415733732,0.011634717613440463,0.013320566575881449,0.012176169634238149,0.014927171764125703,0.012852428611563445,0.012424421709337377,0.012291169821769131,0.013258870442777263,0.014490094198338308,0.011671702160607134,0.014831097952677898,0.014424515693358762,0.015049631896316041,0.01577723442840698,0.014300956197079495,0.01746866785236905,0.018070173493913193,0.016302842589724083,0.014236151737397073,0.016365243420291487,0.015229352991113741,0.015652840337453247,0.0019827515109076027,0.005787920181161591,0.00038746599125814824,0.0007500516332634761,0.0006390869782796657,0.006585640874444926,0.005431896614819086,0.001088576849392714,0.002023422685743502,0.0030556613646183844,0.005159454972401804,0.004748710843246245
